week,tv_spend,search_spend,social_spend,display_spend,email_spend,price_index,promo,holiday,sales
2023-01-02,0.0,22854.87,27319.26,17422.89,2886.58,1.0474,0,0,474328.33
2023-01-09,76268.24,9157.78,17726.2,13903.99,3871.67,1.0312,0,0,558462.21
2023-01-16,0.0,19228.08,24820.03,16746.59,4040.19,1.0603,0,0,559881.61
2023-01-23,0.0,14220.19,38967.1,15914.3,3484.28,1.0391,0,0,540701.85
2023-01-30,45925.75,15342.44,28053.3,19271.74,4154.48,1.0439,0,0,600252.06
2023-02-06,0.0,11177.83,34776.17,16238.74,4941.96,1.0561,1,0,630611.17
2023-02-13,0.0,14195.28,28413.85,8001.83,2967.45,1.0408,0,0,550391.68
2023-02-20,0.0,21060.19,30860.14,3844.39,3301.04,1.0285,0,0,530858.85
2023-02-27,70516.89,30078.59,27326.18,6380.89,1543.64,1.0358,1,0,705648.44
2023-03-06,0.0,38126.18,26085.87,5979.1,4286.1,1.0344,1,0,674320.02
2023-03-13,85638.44,34241.88,22081.32,4196.43,3320.81,1.0185,1,0,747492.05
2023-03-20,0.0,29073.61,26939.85,5766.09,2927.87,1.0265,0,0,646733.25
2023-03-27,0.0,38207.54,19178.21,18318.78,1829.25,1.0181,0,0,655121.14
2023-04-03,0.0,29072.95,25327.93,16014.31,4613.8,1.0309,1,0,671813.1
2023-04-10,56000.48,31795.92,25990.54,13962.06,2882.53,1.0177,0,0,685351.43
2023-04-17,68328.14,23924.0,21044.32,16473.66,3889.04,1.0101,0,0,731960.86
2023-04-24,0.0,37052.15,16590.02,15146.37,2022.81,1.0072,0,0,662162.38
2023-05-01,91482.4,29565.25,19331.92,15986.49,4865.42,1.0057,0,0,710525.43
2023-05-08,0.0,46097.92,14846.54,10877.62,2124.55,1.0048,0,0,728849.97
2023-05-15,0.0,24852.62,20721.48,8441.52,2198.4,0.9839,0,0,675381.19
2023-05-22,0.0,31476.45,6886.72,8576.51,4506.44,0.9787,0,0,646962.05
2023-05-29,94580.66,24665.44,14711.87,11723.1,4694.04,0.9956,0,0,712814.31
2023-06-05,0.0,34198.73,7108.04,10215.92,2242.52,0.9761,1,0,764348.83
2023-06-12,0.0,31256.08,10545.96,7152.88,3144.3,0.962,0,0,699676.72
2023-06-19,0.0,38744.52,26030.97,12177.27,4067.23,0.9769,0,0,677531.47
2023-06-26,89139.57,31115.42,25040.03,11408.55,4574.28,0.9738,0,0,764287.22
2023-07-03,0.0,14995.72,18402.6,9929.19,2826.68,0.951,0,0,698881.09
2023-07-10,57376.1,25531.33,15923.38,9024.75,3309.57,0.9663,0,0,730939.93
2023-07-17,82460.68,17795.95,9965.69,12253.71,4096.01,0.9695,0,0,706608.85
2023-07-24,0.0,22372.04,23261.26,11524.03,4058.98,0.9646,0,0,731078.87
2023-07-31,0.0,36578.6,39039.98,14573.9,4240.36,0.9665,0,0,728801.96
2023-08-07,0.0,30462.74,29784.52,11630.28,3494.77,0.946,0,0,656820.43
2023-08-14,81073.43,29550.48,25158.39,11581.55,1866.15,0.9638,0,0,732121.5
2023-08-21,54435.33,26465.57,30281.65,10749.61,4663.91,0.9585,0,0,734390.33
2023-08-28,0.0,36721.26,19805.31,12225.16,4529.5,0.9583,1,0,766754.57
2023-09-04,53253.38,24477.71,25451.29,11937.63,4293.34,0.9739,1,0,781767.17
2023-09-11,46751.69,21302.02,26476.12,7377.59,1849.52,0.9826,0,0,675886.21
2023-09-18,0.0,28184.07,24357.84,4718.02,2215.39,0.9889,0,0,677023.57
2023-09-25,48430.64,34087.18,27389.92,4846.89,4102.6,0.9876,0,0,710880.62
2023-10-02,0.0,30261.33,23723.23,4781.35,1580.99,0.9773,0,0,647336.28
2023-10-09,72966.05,5976.58,23905.74,6686.2,4927.29,0.9861,0,0,624735.22
2023-10-16,0.0,16878.34,15769.8,7747.56,2820.01,0.9947,0,0,614462.78
2023-10-23,0.0,15902.54,22510.34,4811.74,4017.59,0.9929,0,0,608074.82
2023-10-30,57067.8,17338.34,25206.78,4862.84,4606.5,0.9978,0,0,609493.95
2023-11-06,0.0,37313.47,11539.15,5971.12,2881.2,1.0096,0,0,610661.84
2023-11-13,0.0,11557.33,11605.27,5131.36,2616.96,1.0056,0,0,525851.69
2023-11-20,94557.07,21862.28,22722.67,6928.08,3630.59,1.0036,0,1,767494.74
2023-11-27,67080.11,30136.34,15433.18,2122.33,3533.46,1.0113,0,1,755711.41
2023-12-04,0.0,20900.37,24081.2,9759.94,2931.99,1.0261,0,1,737482.6
2023-12-11,73683.51,50864.3,15808.59,9826.38,3606.21,1.0238,0,1,789353.8
2023-12-18,66150.31,40009.89,26486.89,7519.47,4773.83,1.0309,0,1,814405.61
2023-12-25,77271.23,44696.52,21221.54,9554.54,3136.74,1.0375,0,1,789158.6
2024-01-01,0.0,13202.04,23291.14,9627.27,2188.6,1.0299,0,0,648800.67
2024-01-08,0.0,19017.81,31259.48,10698.34,2820.22,1.0436,0,0,597268.42
2024-01-15,0.0,20087.58,22979.49,18169.45,2879.37,1.0416,0,0,604436.52
2024-01-22,0.0,16578.09,21273.13,16132.41,1958.88,1.0268,0,0,551112.12
2024-01-29,0.0,38697.13,24695.08,14953.78,2070.05,1.0543,0,0,564535.69
2024-02-05,0.0,39049.36,29871.77,16414.57,3895.97,1.035,1,0,651423.33
2024-02-12,79347.39,27939.22,20127.46,18073.76,2688.17,1.023,1,0,728803.12
2024-02-19,80644.12,34954.22,31143.61,15036.06,4842.14,1.028,0,0,736203.65
2024-02-26,0.0,24932.34,24916.24,15134.14,2352.59,1.0267,0,0,708463.59
2024-03-04,0.0,28683.76,32676.97,17337.82,1846.24,1.0353,0,0,668055.94
2024-03-11,0.0,32998.77,14007.43,16167.7,4137.27,1.0294,0,0,617027.43
2024-03-18,0.0,18590.25,20855.51,17471.23,4583.63,1.0257,0,0,611842.09
2024-03-25,0.0,25124.94,15003.55,16479.53,2473.4,1.0317,0,0,617545.39
2024-04-01,0.0,36370.19,17868.85,17552.5,2207.31,1.025,0,0,598052.78
2024-04-08,0.0,20794.88,21802.44,3947.38,2150.18,1.0206,0,0,596625.23
2024-04-15,92559.28,20244.25,18315.53,5481.87,3327.04,1.017,0,0,743246.27
2024-04-22,55754.54,16449.69,16754.38,5183.96,3139.46,1.0144,0,0,740590.2
2024-04-29,90864.46,19146.42,16266.17,3676.16,2408.04,0.9824,0,0,771755.78
2024-05-06,41367.27,15647.99,17406.84,3154.78,1658.11,0.995,0,0,777021.72
2024-05-13,70535.89,21181.63,11001.07,6528.62,3185.22,0.9721,0,0,783398.64
2024-05-20,0.0,44796.58,19577.99,15973.57,4857.66,0.9895,1,0,861748.59
2024-05-27,45824.36,44649.84,19703.23,14966.58,3783.82,0.9845,1,0,903767.22
2024-06-03,47718.68,41830.34,18987.29,16355.73,3234.27,0.9907,0,0,803657.14
2024-06-10,63051.29,59211.0,20803.93,18192.03,1887.42,0.9881,0,0,812812.25
2024-06-17,93142.76,14738.32,20693.75,13078.89,2383.53,0.9745,0,0,807457.36
2024-06-24,0.0,7185.21,30739.47,14255.04,2531.71,0.9642,0,0,774302.71
2024-07-01,0.0,22337.87,21564.53,4115.67,4176.81,0.9712,0,0,746738.87
2024-07-08,0.0,13677.66,21900.48,7691.77,4568.49,0.9587,0,0,692875.06
2024-07-15,0.0,16053.1,21020.7,5923.88,4655.75,0.9621,0,0,711452.26
2024-07-22,83161.99,21100.11,20817.42,6650.98,4945.99,0.9707,0,0,782551.85
2024-07-29,0.0,8870.51,20715.54,3789.76,4938.28,0.9546,1,0,770090.37
2024-08-05,46002.92,10343.08,23166.11,3820.7,4835.5,0.9681,0,0,750837.79
2024-08-12,85618.57,14791.05,27602.85,17171.72,1751.38,0.9672,0,0,774398.53
2024-08-19,83824.94,20441.05,29627.73,16587.41,1982.28,0.952,0,0,793862.15
2024-08-26,0.0,29077.46,27865.81,17323.11,2565.63,0.9728,0,0,786585.42
2024-09-02,0.0,29669.31,23110.23,16218.49,3435.14,0.9722,0,0,722679.22
2024-09-09,73330.87,27933.92,30479.66,16917.22,1839.42,0.9689,1,0,840209.21
2024-09-16,0.0,16110.64,28485.4,16737.18,4460.29,0.9633,0,0,756094.69
2024-09-23,73170.89,9829.28,22637.65,12166.65,3658.65,0.9659,0,0,743616.92
2024-09-30,0.0,26380.48,18735.42,12210.51,3398.28,0.973,0,0,715304.66
2024-10-07,60580.12,22697.57,23306.25,8570.19,2078.59,0.988,0,0,723396.62
2024-10-14,63423.51,29215.7,20151.53,7629.1,2386.39,0.9775,0,0,739976.01
2024-10-21,75856.21,30913.68,10780.63,12502.62,2061.09,0.9961,0,0,732749.4
2024-10-28,0.0,26967.69,16722.2,12781.59,4481.77,0.9841,0,0,714589.24
2024-11-04,64964.33,18792.56,17700.08,9469.07,3544.8,0.9993,1,0,786963.66
2024-11-11,75083.65,16562.69,11545.27,8210.25,4072.95,1.0072,0,0,681521.12
2024-11-18,74223.0,17826.27,16992.96,11148.55,2536.12,1.0353,0,1,807439.84
2024-11-25,0.0,12640.37,9115.79,12396.26,2799.38,1.0017,0,1,763862.52
2024-12-02,0.0,14845.63,23743.03,13696.39,2916.99,1.0345,0,1,744372.95
2024-12-09,0.0,16426.46,24261.01,11774.45,4160.05,1.0253,0,1,699723.56
2024-12-16,61125.03,19046.22,17949.07,15942.42,4203.24,1.0316,0,1,798460.73
2024-12-23,0.0,13946.29,22381.38,15160.3,2223.85,1.032,1,1,809976.66
2024-12-30,0.0,17788.9,9950.39,16517.18,4795.39,1.0381,1,0,677826.34
2025-01-06,0.0,14483.48,17654.16,16051.1,1922.29,1.0345,1,0,620013.55
2025-01-13,57068.41,15106.32,23319.44,14977.4,4636.43,1.0524,0,0,680798.71
2025-01-20,47912.96,19083.98,20618.07,19573.13,1851.38,1.0346,0,0,706627.96
2025-01-27,90653.38,12048.58,30509.89,13677.75,2425.89,1.0512,0,0,693507.89
2025-02-03,0.0,16924.69,37596.58,12704.07,4462.67,1.0335,0,0,720678.1
2025-02-10,0.0,15624.7,22073.18,9618.72,2128.22,1.0389,0,0,677947.47
2025-02-17,48448.74,9664.69,23768.94,12282.53,2947.49,1.0278,0,0,710294.69
2025-02-24,46351.95,21252.15,28787.34,11959.44,3074.51,1.0415,0,0,741345.41
2025-03-03,0.0,31246.04,34993.48,11663.82,2358.41,1.0492,1,0,786467.0
2025-03-10,43046.75,24005.81,19866.86,18374.5,3985.86,1.0314,0,0,771389.54
2025-03-17,0.0,27384.53,26033.52,17453.06,4479.67,1.0271,0,0,743876.64
2025-03-24,0.0,33624.52,32542.39,17610.02,4561.01,1.0144,0,0,676573.89
2025-03-31,0.0,35293.8,13741.2,17455.36,2687.63,1.0193,0,0,685350.99
2025-04-07,77439.3,25516.03,14158.76,17011.19,3357.98,1.0015,0,0,783834.0
2025-04-14,0.0,35475.1,17093.63,13824.58,2369.42,1.0038,0,0,735983.51
2025-04-21,0.0,26644.89,15418.32,11125.43,2356.79,1.0105,0,0,717232.42
2025-04-28,0.0,20138.21,21125.1,10165.71,2064.39,1.0167,0,0,706979.44
2025-05-05,88125.27,21839.2,17598.2,9080.24,4790.07,1.0268,0,0,783132.81
2025-05-12,86812.24,15636.24,7168.94,13522.72,4607.96,0.988,0,0,818741.49
2025-05-19,42391.13,27696.29,18620.8,13593.49,4220.76,1.0035,0,0,820362.83
2025-05-26,0.0,32891.44,13502.21,13038.83,3311.82,0.987,0,0,806922.45
2025-06-02,53020.97,44275.13,23434.33,16882.82,3217.13,0.9787,0,0,876715.62
2025-06-09,53716.32,53263.54,14883.33,18525.94,3354.11,0.9805,0,0,857703.66
2025-06-16,71417.8,16324.73,16028.58,16518.08,3377.99,0.9731,0,0,849655.42
2025-06-23,0.0,28749.79,23269.76,16804.2,3020.97,0.9703,0,0,809666.63
2025-06-30,42708.98,18716.19,25814.63,14859.79,1961.14,0.9623,1,0,917797.92
2025-07-07,0.0,29322.88,25676.39,17095.49,1939.82,0.95,0,0,821035.54
2025-07-14,0.0,25082.39,16360.35,11090.58,4832.87,0.9467,0,0,767909.19
2025-07-21,45591.95,13183.66,28668.91,9046.02,3187.11,0.9674,0,0,800754.4
2025-07-28,0.0,32498.08,21766.36,10923.2,4836.22,0.9574,0,0,762459.65
2025-08-04,42857.9,21765.0,28786.48,10880.41,2072.52,0.9541,0,0,823405.47
2025-08-11,0.0,22262.7,20837.58,13696.34,3440.46,0.9606,0,0,756763.58
2025-08-18,0.0,18511.73,30187.86,12341.32,2227.01,0.9695,0,0,717862.13
2025-08-25,0.0,21420.02,23577.1,5517.17,2386.15,0.9649,0,0,694058.01
2025-09-01,89645.92,28995.23,20524.73,5873.18,1605.19,0.9587,0,0,801589.42
2025-09-08,0.0,24675.29,29547.84,5566.32,1916.34,0.9801,0,0,772419.26
2025-09-15,0.0,28300.63,25996.56,5195.63,4708.97,0.9868,0,0,732693.61
2025-09-22,0.0,28533.45,20366.01,3876.36,2625.37,0.9794,0,0,703150.62
2025-09-29,0.0,35244.63,29255.89,5273.42,3628.45,0.9881,0,0,688118.35
2025-10-06,0.0,23600.5,18360.84,15380.85,3127.55,0.995,0,0,671508.91
2025-10-13,47400.37,15662.0,19372.2,14624.53,2901.58,0.9984,0,0,708107.53
2025-10-20,69483.74,33470.56,19365.83,17266.83,3361.6,0.9979,0,0,812906.76
2025-10-27,0.0,23679.58,13963.77,17086.9,2155.34,1.0025,0,0,702607.22
2025-11-03,87166.47,20281.29,18745.58,13819.94,4960.11,1.0065,0,0,784922.43
2025-11-10,91635.55,17210.18,13376.49,16315.97,4364.08,0.9952,1,0,849249.65
2025-11-17,0.0,15049.22,13985.56,12493.55,4095.65,1.0179,0,1,814926.31
2025-11-24,0.0,17064.86,23203.12,12588.84,3140.66,1.0019,0,1,838101.3
2025-12-01,76517.68,23794.25,11859.17,12538.76,2035.07,1.0118,0,1,857185.54
2025-12-08,0.0,24323.32,5957.36,11058.37,4722.33,1.0368,0,1,812114.48
2025-12-15,92796.55,15891.4,27266.35,9732.43,2694.85,1.0359,0,1,842592.9
2025-12-22,0.0,16272.8,33310.75,9374.45,1675.37,1.0457,0,1,812531.2
